user_id,full_name,phone_number,email,registration_date,status,kyc_level,city,date_of_birth
1,Éléonore Dumont,+33 (0)2 36 02 60 64,corinne23@example.com,2025-02-11,active,1,Laporte-les-Bains,1977-01-18
2,Colette Guillet,+33 (0)5 79 54 75 33,paulettemartineau@example.com,2024-01-16,active,2,Bousquet,1997-03-24
3,Adrien De Sousa,0444581330,tguerin@example.net,2024-04-06,active,2,Lefèvrenec,1950-09-03
4,Robert Richard-Cohen,+33 1 39 71 98 88,juleschevalier@example.com,2024-06-30,inactive,1,Clerc,2003-04-21
5,William Auger,+33 (0)4 70 39 81 79,seguinpauline@example.net,2025-01-30,active,1,Boulanger,1956-06-10
6,Anastasie Menard de la Chartier,+33 (0)3 67 96 56 10,roussetmartin@example.org,2024-04-15,active,2,Fournier,1984-03-16
7,Suzanne-Marcelle Renault,+33 3 65 46 42 95,francoisemartinez@example.org,2024-08-31,active,1,Lemaire,1952-01-14
8,Amélie Charrier de Bertin,0322239461,penelopede-oliveira@example.org,2024-03-02,active,2,Legros-sur-Devaux,1955-02-02
9,Joséphine Perrot,+33 4 76 74 08 56,fbenoit@example.net,2024-05-04,active,2,Diaz-sur-Millet,1994-01-22
10,Jérôme Peltier Le Lemoine,02 79 99 23 32,ferreiraadrienne@example.net,2024-07-16,active,1,Berger,1959-11-01
11,Alex Fabre,+33 2 45 55 35 84,pleleu@example.com,2024-07-06,active,2,Gaudin,1980-04-05
12,Camille Masse,+33 (0)2 69 34 22 72,gabriel85@example.org,2024-06-19,active,1,Raymond,1951-12-26
13,Honoré-Frédéric Mahe,03 51 68 99 28,obarthelemy@example.net,2024-02-21,suspended,2,Saint Raymond,1993-08-27
14,Édouard Ferreira,01 81 69 70 52,alexandre06@example.com,2025-01-16,active,1,Légernec,2007-04-23
15,Hugues Descamps,0247811186,bourdonmadeleine@example.net,2024-11-04,active,2,Bazin,1959-08-03
16,Tristan Charles,+33 5 18 55 53 17,edith28@example.org,2024-10-11,active,3,Albert,1954-03-13
17,Anne de la Ruiz,03 28 16 63 86,boulangerraymond@example.org,2024-07-11,active,3,Delannoy,1955-06-15
18,Stéphane Masse,0223186573,umorel@example.net,2024-07-14,active,2,Legrosnec,1953-08-08
19,Augustin de Salmon,03 73 78 20 35,manonriou@example.com,2024-03-19,active,2,Renaud,1993-08-07
20,Aurélie Le Collet,+33 4 80 10 30 14,nbreton@example.net,2024-08-25,inactive,2,Saint Gilbert,1969-02-19
21,Guy Meyer,+33 3 63 61 75 40,lopespaulette@example.net,2024-06-22,active,1,Sainte Élisedan,1971-09-26
22,Danielle Gomez,0545959734,barthelemydominique@example.com,2024-12-05,active,2,Colletnec,2007-05-30
23,Jean Fernandez,02 22 85 77 12,jeanneallain@example.org,2024-05-13,active,2,Lamy,1990-04-16
24,Thierry Petitjean de Le Goff,0252604363,michelle37@example.net,2024-03-01,active,2,Ferreira,1976-03-18
25,Lorraine Regnier,+33 4 68 76 03 09,glaine@example.com,2024-05-10,active,2,Letellier,1981-09-27
26,Adrien Rey-Hoareau,+33 4 42 19 71 87,ferreiraolivie@example.org,2024-11-06,active,2,Sainte Arnaude-la-Forêt,1984-11-09
27,Rémy Robin,+33 (0)4 44 53 24 99,remy81@example.net,2024-07-16,active,3,Saint Alfred-sur-Mer,1989-10-23
28,Sabine Schneider,06 27 13 04 44,evrardanais@example.com,2024-05-22,active,2,Roussel,2002-10-14
29,Charlotte Rodriguez,0139899890,barreagathe@example.net,2024-12-07,active,3,Guilbertnec,1991-06-20
30,Laetitia Sanchez,+33 3 62 22 46 93,blanchardlorraine@example.net,2024-02-12,active,2,Boulanger,1955-01-05
31,Noël Boutin,+33 (0)6 65 59 23 22,qraymond@example.net,2024-02-12,suspended,2,Lopez-la-Forêt,1964-08-29
32,Antoinette Valette,0231375204,audreymartineau@example.org,2024-12-07,active,2,Boucher-sur-Mer,2001-08-16
33,Charlotte Richard Le Gosselin,+33 1 30 98 02 64,olegros@example.org,2024-04-01,active,3,Lecomte,1954-09-17
34,Robert-Aimé Lefèvre,0324664927,bonneaumarthe@example.com,2025-02-08,active,1,Cousin-sur-Clerc,1962-02-25
35,Valentine Roussel,+33 5 90 92 87 72,dominique41@example.org,2024-12-02,active,2,Saint Christine,1996-11-18
36,Margaret Meyer du Henry,0339041444,oleblanc@example.net,2024-12-13,active,3,Saint Denisenec,1965-09-02
37,Capucine Fernandez,02 77 02 97 38,corinnedelorme@example.org,2024-12-08,inactive,2,Maillot-sur-Muller,1998-10-26
38,Éric-Thomas Gilles,+33 (0)1 88 44 14 94,lucasgrondin@example.net,2024-08-28,active,2,Sainte ChristopheVille,1972-09-22
39,Robert Dupuy,01 77 56 11 09,noelstephanie@example.net,2024-05-13,inactive,2,Bouvet,1966-02-26
40,Claude Morvan,+33 (0)5 86 12 43 84,wagneryves@example.net,2025-02-21,active,2,Sainte Valérie,1978-10-28
41,Daniel Bourgeois-Gautier,+33 6 37 51 78 71,rpineau@example.com,2024-02-07,active,2,Legros,1996-03-20
42,Margaud Guibert,03 84 80 93 49,timothee21@example.com,2024-03-03,active,3,RuizVille,1989-03-03
43,Jean Bouvet,+33 (0)6 95 68 80 21,lroyer@example.org,2024-01-05,active,2,Gauthier,1980-04-25
44,Noël Cordier Le Gautier,06 33 00 65 00,jacqueline12@example.org,2025-01-19,suspended,2,Saint Alex,1999-07-23
45,Arthur-Richard Michaud,+33 5 54 67 31 87,lefebvreamelie@example.net,2024-04-18,active,1,Saint Juliette,1992-03-10
46,Daniel Valette,+33 (0)4 65 64 90 94,martinerenault@example.com,2024-03-10,active,2,Saint ÉlodieBourg,1956-03-27
47,Denise Lejeune,+33 (0)2 97 40 52 02,rgarnier@example.net,2024-01-09,active,2,Guillot,1952-09-03
48,Sabine Guilbert-Bernier,+33 5 82 74 12 11,marc38@example.net,2024-10-30,active,2,Picardnec,1998-09-18
49,Maurice Traore,+33 5 49 23 23 91,adrien38@example.org,2024-11-08,suspended,2,Léger-sur-Louis,1976-11-09
50,Patrick Faivre Le Breton,+33 3 52 11 84 01,vincentmarchal@example.com,2024-10-14,suspended,3,Marie,1994-09-25
51,Susan Lambert,+33 3 67 25 88 25,emilielacombe@example.com,2025-02-23,active,3,Piresdan,1986-09-06
52,Manon Deschamps,+33 5 31 36 53 02,fourniermargot@example.org,2024-01-01,active,2,Saint Bernadette,1991-01-07
53,René Wagner,0326059790,claude05@example.org,2025-03-09,active,2,Sainte Danielleboeuf,1997-04-12
54,Alfred Guichard du Mathieu,0630720604,david94@example.org,2024-06-26,active,2,Guibert,1989-08-16
55,Jean Laine,+33 3 10 00 28 40,benjaminpotier@example.org,2025-02-06,active,3,Saint FrédéricVille,1993-06-04
56,Alice Marchal,+33 (0)5 46 60 30 43,gilbert14@example.com,2024-09-03,inactive,2,Fontaine,2007-10-06
57,Richard Lemonnier,0545911842,dufouryves@example.com,2024-06-26,active,1,Guillou,1999-12-15
58,William Reynaud,+33 (0)2 21 10 17 63,wleblanc@example.net,2025-03-22,inactive,3,Saint DanielBourg,1988-08-15
59,Rémy Lebon,+33 (0)4 80 28 14 29,qhamel@example.net,2024-10-03,active,2,Cordier,1974-09-18
60,Laetitia Chauvet-Pasquier,+33 (0)6 99 02 80 28,reynaudalfred@example.org,2025-02-13,active,1,Henry,2000-06-10
61,Jacques Klein,+33 4 26 84 26 19,frederic87@example.com,2024-09-25,active,2,Sainte Constanceboeuf,1989-12-11
62,Robert-Augustin Vidal,+33 (0)1 73 79 76 45,qde-oliveira@example.com,2025-03-20,active,2,Descamps,2005-08-14
63,Roger Denis,+33 1 82 66 00 51,phebert@example.com,2024-04-06,active,2,Regnier,1972-03-08
64,Michelle Leroy-Schmitt,02 43 52 12 55,labbenoel@example.net,2024-09-05,active,3,Fischerboeuf,1974-01-12
65,Juliette du Durand,0430492281,amelienavarro@example.net,2024-04-16,inactive,3,Moulin,1972-04-04
66,Simone Hamon,0339470794,mercierrobert@example.org,2025-01-14,active,1,MailletBourg,1980-06-15
67,Alexandrie Dufour,0181411875,yhuet@example.org,2024-02-22,inactive,3,Fernandes-sur-Mer,1979-08-12
68,Hélène Pons-Paris,+33 2 30 07 51 19,valentinedupuy@example.net,2024-02-03,active,2,Saint SébastienVille,1988-06-28
69,Honoré Simon,+33 (0)1 55 20 44 76,boutinisaac@example.com,2024-05-02,active,3,Martinboeuf,1987-11-02
70,Audrey Colin,+33 (0)2 36 93 74 82,ochauvin@example.org,2025-01-26,active,1,Maillard-la-Forêt,1973-05-15
71,Gilbert du Grondin,+33 (0)5 67 99 92 76,xavierbegue@example.net,2024-04-11,active,2,Gillesnec,1996-11-22
72,Frédérique Lévêque,03 67 84 19 42,cde-oliveira@example.com,2024-10-19,active,3,Barre,1973-07-04
73,Théodore de Morvan,+33 (0)6 26 70 74 28,jlemaire@example.org,2024-03-31,active,2,Lejeunenec,1957-04-06
74,Alexandre Gimenez,03 61 84 57 43,callard@example.net,2024-11-21,active,3,Guyon-sur-Étienne,1993-09-05
75,Thomas-Philippe Wagner,+33 (0)2 31 24 49 70,lucie92@example.net,2024-02-20,active,2,Sainte Eugène,1953-05-15
76,Simone Pinto,05 54 82 78 12,lemoineaurelie@example.org,2024-12-12,suspended,2,Laine,1967-05-09
77,Émile Imbert-Da Silva,06 35 38 05 55,fda-costa@example.org,2024-12-30,active,2,Alves,1952-03-13
78,Guillaume Barbier de la Devaux,+33 (0)5 57 79 16 63,smillet@example.net,2024-01-17,active,2,Marques-sur-Mer,1979-01-01
79,Joséphine Baron-Besson,+33 (0)4 42 52 87 92,wbrun@example.com,2024-03-07,active,2,Thomas-les-Bains,1986-10-06
80,Michel-Marcel Costa,02 23 59 07 71,fmartinez@example.net,2025-02-22,active,2,Saint Marine,1999-11-08
81,Alphonse de la Brunet,0158221501,bhoarau@example.com,2024-04-02,active,2,Leclercq,1985-10-29
82,Paulette de Daniel,+33 5 33 36 48 79,martinepayet@example.org,2024-07-29,active,3,Bruneau-sur-Traore,1969-03-25
83,Virginie Bodin-Marin,04 91 21 93 24,wagnerchantal@example.org,2024-11-25,inactive,1,Lesage,1952-05-08
84,Grégoire Louis du Lévy,0555418790,gomesdenis@example.com,2025-02-11,active,2,Besnardboeuf,2003-12-31
85,Yves Jacob,+33 (0)3 57 40 12 23,xhardy@example.com,2024-01-01,active,1,Pelletier,1981-04-26
86,Lucy Fleury,0383031479,jetienne@example.org,2024-08-15,inactive,2,Briand-les-Bains,1965-07-27
87,Émilie Goncalves,+33 (0)3 80 28 65 42,victor35@example.org,2024-03-13,active,3,Peltier-sur-Aubry,1963-08-17
88,Benoît du Fontaine,+33 (0)4 57 94 66 16,bertranddupont@example.com,2025-02-07,active,1,Saint Luce,1957-11-26
89,Nicolas Giraud,0248854428,xlabbe@example.com,2024-11-28,active,2,Sainte Hélène,1967-05-11
90,Agnès Paris,+33 (0)4 86 34 41 94,philippinejulien@example.com,2024-09-30,active,2,Pages,1999-05-14
91,Alexandrie-Anouk Guichard,0427100938,margueriteguillaume@example.net,2024-10-28,active,2,Hamel,1956-04-28
92,Frédérique Devaux,+33 (0)3 68 75 09 63,thierry37@example.net,2024-04-12,suspended,1,Didier,2007-06-29
93,Sabine Paris,0237579185,stephane01@example.net,2024-10-23,active,2,Benoit-sur-Mercier,1989-12-21
94,Jacques Barthelemy,+33 (0)6 32 75 98 74,qpereira@example.org,2024-01-28,inactive,2,Lévynec,1976-06-03
95,Geneviève Morvan du Chartier,0219024344,fperrin@example.net,2024-04-18,active,2,Da Silva-la-Forêt,2001-06-27
96,Louis Le Dupré,01 43 80 55 69,zvasseur@example.net,2024-08-23,active,2,BenoitBourg,1992-04-13
97,Émile Rémy,+33 2 36 29 46 44,etienne23@example.org,2024-08-20,active,3,Leroyboeuf,1968-05-14
98,Joseph Rémy,0387969737,wclerc@example.net,2024-03-05,active,3,Delahaye,1964-04-01
99,Antoine Joly-Bernier,0181854973,zacharietoussaint@example.net,2025-01-06,active,1,Bertin,1993-08-29
100,Rémy Fontaine de la Raymond,0590557647,bernardguerin@example.net,2024-01-13,suspended,3,FernandesBourg,1979-01-20
101,Laurence Gaudin,+33 6 95 23 47 69,ollivierjacqueline@example.org,2024-02-06,suspended,3,Blot,1954-10-23
102,Diane Royer,+33 3 81 12 60 52,duprejoseph@example.org,2025-01-16,active,1,Saint Matthieu,1986-06-29
103,Martine Bousquet,0766538663,edithverdier@example.com,2024-07-01,active,2,Albert,2006-02-11
104,Honoré Gillet-Verdier,+33 2 35 20 26 79,ugermain@example.net,2024-06-17,active,1,Saint Agathe,1990-05-24
105,Joséphine Perrin,+33 4 75 68 77 23,courtoischantal@example.net,2025-03-19,active,3,Martel,1950-06-28
106,Anne Hoareau de la Rousset,+33 6 98 20 44 38,oclerc@example.org,2024-01-06,active,3,Cohen,1984-12-14
107,Sophie Robert,04 82 72 92 64,josephineherve@example.com,2024-02-06,active,2,Jacquotboeuf,1951-09-20
108,Pierre Adam,+33 4 38 88 69 23,vhoarau@example.com,2024-01-20,suspended,3,Lemaître-la-Forêt,1973-08-08
109,Éléonore Dubois de Le Roux,0556916708,simone07@example.net,2024-07-15,active,3,Saint Marine,1951-09-20
110,Théophile Legendre,0222335884,lebretongenevieve@example.org,2024-11-18,active,2,Potier,1962-04-13
111,Gérard Boutin,04 80 65 96 36,jeromebouvet@example.com,2025-01-24,suspended,2,Bonnin-la-Forêt,1964-06-06
112,Odette Lebon,03 24 59 90 89,simonenormand@example.org,2024-11-10,active,3,Monnierboeuf,1997-10-17
113,Gilles de Pineau,0559832652,pierre89@example.org,2024-10-09,active,2,Navarroboeuf,2002-10-10
114,Susanne Léger,+33 (0)4 83 08 63 71,alice60@example.com,2024-11-06,active,3,Louis-sur-Buisson,1993-11-16
115,Zoé Joubert,04 98 53 23 69,ldelmas@example.com,2024-09-29,active,3,JacquesBourg,1952-04-04
116,Sabine Leconte-Morvan,0146760185,joseph95@example.org,2025-03-20,active,1,Germain-sur-Pichon,1994-08-17
117,Jeannine-Alex Lecomte,04 74 35 91 72,helenefleury@example.com,2024-01-17,active,2,Saint Honorénec,2000-10-04
118,Arthur Gauthier,03 76 89 82 38,afontaine@example.org,2024-01-28,active,1,Boyer,1959-11-18
119,Théophile Samson,+33 5 82 18 26 06,dlecomte@example.net,2025-02-19,inactive,2,Lemaître,1998-06-29
120,Matthieu Launay,0415813578,christinechauvin@example.net,2025-03-02,active,2,Sainte Nicolenec,1960-05-03
121,Théodore Le Gall,0681836449,isabellelefebvre@example.net,2024-06-20,active,2,Letellier,1986-07-17
122,Christelle Coulon,+33 (0)4 72 79 57 09,delannoyjulie@example.net,2025-02-27,active,3,Blanchet-la-Forêt,1954-06-24
123,Diane-Aurore Legendre,+33 (0)5 59 71 85 00,augustin32@example.net,2025-01-19,active,3,Foucher,2001-05-27
124,Claudine Dufour,0277509304,dianebenoit@example.net,2024-04-23,active,2,MaceVille,2006-06-02
125,Michelle Pons,+33 (0)3 53 86 03 13,marionjerome@example.net,2024-12-19,active,2,Hoarau-sur-Roger,1960-10-29
126,Julien Le Dubois,+33 2 61 76 75 14,fbreton@example.net,2024-02-19,active,3,Jacquot,1963-02-23
127,Alphonse Labbé,+33 (0)3 56 45 92 40,danieljacqueline@example.com,2024-03-21,active,2,Hubertnec,1964-02-09
128,Adrienne du Gillet,02 21 93 86 84,moniquechauvin@example.net,2024-01-04,suspended,3,Salmon,1988-06-07
129,David Faivre de la Huet,+33 4 65 06 17 20,lemonniermarthe@example.org,2024-04-14,active,2,Saint Simone,1965-11-24
130,Marine Duval,+33 4 76 61 10 04,hoaraususan@example.net,2024-08-28,active,3,Dos Santos,1962-03-06
131,Paulette Nicolas,+33 (0)3 67 93 03 70,maceguillaume@example.com,2024-11-22,inactive,3,Laroche,1974-03-10
132,Margaud Antoine,+33 (0)4 84 80 53 09,sylvie61@example.org,2025-03-21,active,1,Sainte Claude-sur-Mer,1996-02-09
133,Alfred Seguin,+33 (0)4 56 58 86 91,kle-gall@example.com,2024-10-06,active,3,Reyboeuf,1964-08-18
134,Lucie Guillou,01 75 84 39 66,durandconstance@example.net,2024-08-07,active,3,Chauvin,1991-11-07
135,Frédéric Coste,0269711217,legendrechristine@example.com,2024-02-26,active,1,Gauthier,1963-12-27
136,Christelle Da Silva,05 08 79 12 70,audreyetienne@example.org,2024-04-26,active,2,Hebert,1974-10-23
137,David Le Pasquier,+33 (0)1 40 39 36 97,dorotheeguillon@example.net,2024-03-26,active,3,Bonneau,1984-11-14
138,Aurélie Bertrand-Menard,+33 (0)2 19 97 57 28,danielgrondin@example.com,2024-01-01,active,1,Legrand,2004-04-22
139,Célina-Marcelle Colas,04 34 72 48 00,cousinmatthieu@example.org,2024-06-02,active,2,RuizBourg,1951-10-08
140,Sébastien Legrand,04 15 13 17 81,upierre@example.net,2024-10-31,active,2,Normand,1965-09-06
141,Georges-Victor Masson,02 62 11 12 14,celinenormand@example.com,2024-03-17,active,2,Humbert,1973-11-11
142,Agathe-Philippine Perret,0310454074,alexandriadavid@example.net,2024-06-10,active,2,Dumont-sur-Marie,1959-04-04
143,Julien Laurent,0324155672,upineau@example.com,2024-02-08,active,3,Bertrand,1965-11-23
144,Claire Guillaume,+33 (0)2 49 53 80 90,nathalielopes@example.org,2024-01-13,active,1,Arnaud,1985-06-22
145,Honoré du Letellier,0745153585,gerard90@example.com,2024-04-11,active,2,Saint Adrien,1960-09-12
146,Honoré-Alexandre Guilbert,01 72 30 95 61,mthomas@example.com,2024-07-07,active,3,Saint Antoinette,1992-04-26
147,Catherine Paul,0237590611,wmichel@example.net,2024-08-28,active,2,Vasseur-sur-Mer,1996-07-14
148,Denis Martins-Barre,+33 (0)3 71 88 95 01,philippe17@example.org,2025-03-12,active,2,Auger,1962-12-06
149,Grégoire Pereira,06 95 65 27 59,wagnerdanielle@example.org,2024-03-28,active,1,Saint Michelnec,1957-07-20
150,Margaud de Colas,+33 (0)6 38 21 95 02,ysanchez@example.org,2025-03-15,active,3,Saint Aurore,1993-01-12
151,Arthur Renard du Vallée,0535010053,victoirepetitjean@example.org,2024-09-24,inactive,2,Sainte Joséphine,1997-10-20
152,Émile Cohen Le Ollivier,0299940973,jriou@example.com,2024-07-30,active,2,Henry-sur-Grondin,1987-07-10
153,Odette Bonnet de la Muller,+33 (0)6 37 31 43 02,rodriguesaimee@example.net,2024-11-02,active,1,Sainte Corinnenec,1950-12-19
154,Chantal-Luce Denis,0458622050,fcaron@example.org,2024-01-09,active,3,Sainte Christelleboeuf,1998-06-20
155,Christine Boutin,+33 (0)2 53 21 50 97,merleanastasie@example.net,2025-03-19,active,3,Muller,1972-03-16
156,Nathalie Renaud-Couturier,+33 (0)7 41 56 77 95,wbarbe@example.com,2025-01-07,inactive,2,Lejeune,1975-06-19
157,Agnès de la Bernier,+33 (0)4 83 59 81 74,yklein@example.net,2024-11-28,active,1,Lamy,1953-03-20
158,Sylvie Noël,0382660622,eleroux@example.com,2024-02-10,active,3,Lefèvre,2002-10-16
159,Zacharie Noël de la Ferrand,0458220498,agatherichard@example.com,2025-03-07,active,2,Andrenec,1960-12-13
160,Emmanuel Nguyen-Masson,+33 2 19 31 02 37,pineauchristiane@example.com,2024-12-06,active,3,Maréchal,1994-03-14
161,Célina Adam,01 46 13 92 85,susannecaron@example.com,2025-02-08,inactive,3,Julien,1951-03-01
162,Eugène Le Albert,0540954471,alexandrie99@example.net,2025-01-07,active,3,Saint PatriciaVille,1992-03-17
163,Brigitte Chevalier,+33 (0)3 85 37 53 12,lecomtenicolas@example.com,2024-04-11,active,3,Saint Michèle-les-Bains,1977-09-05
164,Stéphane Guyon-Lévy,+33 5 58 38 55 58,mroger@example.com,2024-07-20,active,3,Pruvost-sur-Dupuy,1990-03-08
165,Jeanne Martinez Le Vallet,04 66 55 85 27,elise51@example.org,2024-08-27,active,3,Chrétiendan,1977-02-07
166,Rémy Besnard,03 45 20 97 31,gregoiredelorme@example.com,2024-11-12,active,2,Saint Nathalie,1995-05-02
167,Étienne de Laine,0272201148,ygarnier@example.com,2024-01-31,active,1,Sainte Adrienboeuf,1993-09-19
168,Dominique Valette,+33 (0)3 21 39 53 67,joseph87@example.com,2024-12-06,inactive,3,PasquierVille,2003-02-28
169,Frédéric Guibert-Duhamel,+33 3 20 48 87 14,hbodin@example.org,2025-02-08,active,3,Hoarau,1975-07-21
170,Philippe Legendre-Foucher,0363652236,antoinette93@example.org,2024-01-16,active,2,Sainte Gérardboeuf,1978-01-26
171,Aimée Mallet de la Barthelemy,+33 3 21 47 32 38,cgregoire@example.net,2024-06-14,active,2,Moulin,2007-07-13
172,Sébastien Le Dupuis,0549823314,paulettede-oliveira@example.net,2024-04-27,active,1,RouxVille,1963-12-26
173,Lucas-André Moreau,0519808702,arnaudlorraine@example.net,2024-04-03,active,3,Rivière,1966-07-07
174,Alexandria Hardy,+33 (0)5 40 79 17 26,martine64@example.net,2024-06-17,suspended,2,Breton,1967-01-05
175,Roger Maillet,+33 6 34 24 11 37,oceanevaillant@example.org,2025-03-23,active,2,Techer,1953-11-29
176,Olivier Lesage,+33 5 35 14 66 92,kleingilles@example.com,2024-06-14,suspended,2,Valette,1951-12-17
177,Julie Weber de Bertin,+33 (0)3 26 66 12 31,morinfrederique@example.org,2024-12-19,inactive,1,Sainte Maggie-sur-Mer,1976-07-19
178,Adrienne Klein-Lenoir,+33 4 76 76 66 05,bousquetaudrey@example.net,2024-01-19,suspended,1,Nguyen,1957-05-10
179,Jean Tanguy,0241145807,capucine52@example.com,2025-01-15,suspended,2,Carlier-sur-Mer,1970-06-27
180,Patricia Chevalier,+33 2 18 81 36 20,thibaultpaul@example.com,2024-05-19,active,2,Sainte Édouard,1975-10-06
181,Gabrielle Grégoire,+33 4 38 15 25 05,ymarques@example.com,2024-02-20,active,2,Duhamel,1957-12-14
182,Joseph Ruiz Le Simon,0579425877,uguillet@example.org,2025-01-07,active,2,Rodriguezboeuf,2001-12-03
183,Bernard Renard,0475650800,maheolivie@example.com,2024-05-03,active,2,Jacquot,1992-03-09
184,Édith Carre-Jacquot,+33 (0)5 31 47 07 78,thereseboyer@example.net,2024-11-14,active,3,MullerVille,1988-03-19
185,Antoine Martinez,+33 (0)5 18 67 29 34,marcellemunoz@example.org,2024-01-09,active,3,Bonnin,1963-11-27
186,Étienne Guillon,04 38 37 41 14,franck66@example.org,2024-12-30,active,3,Saint Anaïs,1951-09-28
187,Nath-Olivie Delannoy,+33 (0)1 64 39 09 81,vincent57@example.net,2024-12-11,active,2,Hoaraunec,1981-10-05
188,Martin-Vincent Guyot,+33 (0)1 64 63 63 79,emiliemartineau@example.org,2024-05-10,active,1,Seguinnec,1950-08-31
189,Zacharie Seguin,+33 (0)1 46 14 05 95,jacquelinebertin@example.org,2024-02-04,active,2,Gallet-sur-Labbé,1968-01-28
190,Marie Camus,+33 (0)4 76 36 92 58,esamson@example.com,2024-04-02,active,3,Saint Océaneboeuf,1980-02-29
191,Simone Gaudin Le Humbert,04 26 42 78 15,lucjacquot@example.org,2025-03-12,active,2,Goncalves,1957-02-07
192,Zoé-Margaux Klein,0382779716,christellefournier@example.net,2024-08-06,active,2,Besnard-sur-Lacombe,2006-06-28
193,Martin-Victor Imbert,+33 (0)3 70 29 01 22,therese77@example.com,2024-05-06,active,2,Briand,1977-01-12
194,Noémi Lefèvre,02 28 29 23 76,nathgregoire@example.org,2024-11-05,active,2,MartelVille,2003-06-29
195,Zacharie Benard,+33 4 91 53 11 08,josephinefoucher@example.org,2024-10-13,inactive,2,Techer-sur-Huet,2007-10-07
196,Hélène Charpentier,+33 2 51 00 82 68,chartiermartine@example.net,2025-02-14,inactive,2,Thomas,1951-08-30
197,Thomas Hamel,+33 (0)5 18 04 78 47,laurent77@example.com,2024-04-28,active,2,Lemonnier,1980-11-08
198,Jacqueline Guillon,03 71 88 51 32,aurore43@example.net,2024-12-28,active,2,Philippe-sur-Mer,1985-11-04
199,Thierry Auger,+33 (0)5 19 31 51 28,stephane37@example.org,2024-12-06,active,2,BerthelotBourg,2000-04-02
200,Jeannine Alexandre,04 87 83 25 45,ilebrun@example.com,2024-03-27,active,2,Pages,1976-02-26
201,Capucine Laurent,0241942606,sabinede-sousa@example.org,2024-12-03,active,2,Andre,1993-02-18
202,Léon Lebon de la Carpentier,0631136658,clemencedupuy@example.com,2024-01-18,active,3,Sainte Astridnec,1991-05-13
203,Auguste Blondel,0172769646,renaudyves@example.net,2024-10-30,active,1,Jacquet,1997-01-16
204,Paulette Fouquet,0222623844,lesageleon@example.org,2024-12-27,active,2,Vidal-sur-Georges,2006-01-16
205,Marcelle Perrier,+33 (0)4 34 76 70 52,tristanbarbier@example.com,2024-12-07,active,2,Chauvin,1962-10-26
206,Richard Laurent,+33 (0)5 62 00 12 32,gregoirehamel@example.org,2024-03-14,active,3,Dupré-sur-Mer,2001-10-10
207,Constance Weber,+33 4 20 31 80 97,lacroixmichel@example.net,2024-01-12,active,2,Grenierdan,1952-11-10
208,Isaac-David Lefebvre,05 90 60 90 80,victor94@example.org,2024-02-25,active,1,Martel,1950-06-02
209,Patricia Carlier,+33 (0)4 78 20 59 95,guibertaurore@example.com,2025-01-10,active,2,Lemaire,1985-10-21
210,Gabrielle de Techer,0561883178,ngillet@example.org,2024-04-05,active,1,Sainte Valentinenec,1972-03-11
211,Bernard Meunier-Gomez,0467443022,manonguillaume@example.org,2024-04-08,active,2,Légerdan,1981-10-16
212,Jacques Roy,05 08 05 71 29,julestanguy@example.net,2024-10-23,active,2,Sainte Jeanne,2004-07-26
213,Guillaume Boulay,0536242095,lemaitremonique@example.com,2025-01-07,active,2,Ruiz,1974-08-15
214,Tristan Godard,06 37 97 84 83,gmarie@example.net,2024-08-30,active,1,Rodrigueznec,1965-03-26
215,Jules Ollivier,+33 (0)3 67 36 63 06,dupuymatthieu@example.org,2024-03-29,active,3,Sainte Victoire,1955-07-23
216,Denis Perret,0253753196,lambertanais@example.com,2024-06-30,active,2,Pereira,2005-05-21
217,Alexandre Pires,+33 3 51 51 88 79,gomeslaurent@example.net,2024-02-21,active,3,Imbert,1961-02-01
218,Éric Mace,+33 2 98 59 31 00,edouard40@example.org,2024-05-10,active,1,CosteBourg,1977-03-11
219,Émile Blondel,+33 (0)2 85 54 41 83,ilamy@example.com,2024-05-25,active,3,Wagner-sur-Hoarau,1994-04-01
220,Marthe Turpin-Delorme,0355088590,upages@example.net,2024-01-11,active,3,Lebon,1959-09-10
221,Guillaume Gosselin,04 92 23 40 67,luc66@example.com,2024-01-02,active,3,Saint Laetitia,1956-04-23
222,Édith Gros,0180584530,cecile03@example.net,2024-11-10,active,3,Vallet-sur-Mer,1993-07-05
223,Sabine Techer,04 23 26 35 11,jjacob@example.net,2024-09-04,inactive,2,Pottier-les-Bains,1950-05-28
224,Charlotte Dos Santos du Brunel,+33 (0)2 97 62 47 80,bguillaume@example.net,2024-06-25,active,2,Sainte Aiménec,1952-08-26
225,Laurent du Perrin,0240535012,maggienicolas@example.net,2024-03-29,active,2,Goncalves-les-Bains,1979-12-06
226,Louise Leduc,+33 (0)4 38 24 77 38,jeanmichel@example.net,2025-02-14,inactive,3,Goncalves,2007-10-13
227,Virginie Ramos,+33 (0)2 53 57 21 73,williamde-oliveira@example.org,2024-06-22,active,2,Benard,1997-04-06
228,Alexandre Lamy,+33 1 82 50 38 17,ale-roux@example.com,2024-09-19,active,2,Pierre-sur-Gallet,1980-11-29
229,Julien Marin-Adam,+33 (0)4 73 30 17 09,boulaystephane@example.com,2024-02-10,active,2,Samson,2008-03-13
230,Patrick Pereira,+33 3 88 80 93 13,hoarauemmanuel@example.net,2024-10-14,active,2,Philippe-les-Bains,1971-04-03
231,Édith Jacquet,03 56 34 63 86,thibaultlemaitre@example.com,2024-09-01,active,2,Blancdan,1979-05-20
232,Jules-Théodore Legrand,+33 (0)4 30 68 34 15,morelrene@example.com,2024-04-17,active,2,Maillot-la-Forêt,1975-06-19
233,Gilles Girard,+33 (0)4 72 09 54 94,isaacdelmas@example.org,2024-08-10,active,1,Gilbert,1963-11-03
234,Alice-Odette Hernandez,0320604585,verdierhenriette@example.com,2024-11-18,active,2,Joseph,2002-06-12
235,Cécile Couturier,0449392751,gabriel50@example.net,2024-01-09,active,1,Sainte Yvesnec,1953-10-06
236,Denis Mendès,0147486474,ybailly@example.com,2024-05-07,active,2,Saint Frédéric,1952-02-23
237,Benjamin de Perrier,0178786864,klenoir@example.net,2024-07-03,active,2,Delattre,1964-03-09
238,Alain de la Mahe,0173648546,clemaitre@example.net,2024-10-11,active,3,Leleu,1963-05-24
239,Alice Marques,+33 (0)5 45 88 22 16,laineantoine@example.net,2024-04-15,active,2,Barthelemy,1962-10-29
240,Arnaude Da Costa-Dubois,0178532291,juliette91@example.org,2024-10-22,inactive,3,Lemaître,1975-12-01
241,Julie Colas,0614767007,mariannemeyer@example.com,2024-10-15,active,1,Guibertnec,1985-12-02
242,Marie-Constance Bernard,02 76 40 81 23,tdupuy@example.org,2025-01-08,active,3,Lopez,1954-11-22
243,Benoît Barthelemy,02 99 70 66 36,laurentweber@example.com,2024-05-11,inactive,3,Valentin,1957-11-19
244,Matthieu Chauveau,+33 3 84 18 34 27,lucie47@example.com,2024-09-09,active,3,Foucher-les-Bains,1993-10-19
245,Josette Lopes,+33 4 86 95 11 60,klesage@example.org,2024-10-11,active,2,Roche,1956-10-19
246,Benjamin David-Guillon,+33 3 53 15 77 38,pbenoit@example.net,2025-01-03,active,2,Saint Luce-la-Forêt,1955-05-15
247,Jérôme Mary,0160571867,arthurdurand@example.net,2024-10-26,active,1,Dias-sur-Lebreton,1996-12-24
248,Paulette Rey,+33 1 30 83 92 35,pperez@example.net,2024-03-10,active,2,Marin,1969-07-17
249,Patricia Roussel,+33 4 83 89 57 79,robertthibault@example.com,2024-08-17,active,1,Camus-sur-Munoz,2005-08-18
250,Édouard Jean-Godard,01 48 08 68 56,epoirier@example.net,2024-04-06,active,1,Gérard,1970-10-29
251,Roger Maréchal,0562312475,arthur91@example.net,2025-03-17,active,1,Antoine,1972-04-21
252,Gilles Bertin-Dupuy,03 84 73 02 56,gaydenis@example.com,2024-10-12,active,2,Coulon,1971-03-17
253,Édith-Arnaude Lefèvre,0472617803,gperrin@example.com,2024-11-18,active,2,CamusBourg,1997-02-16
254,Céline de Germain,+33 (0)4 69 98 58 74,antoine64@example.org,2024-11-24,active,2,Da Silva,1991-02-16
255,Dominique Ruiz de Hubert,03 79 98 97 07,diasamelie@example.org,2024-11-21,active,2,Sainte Olivier,1985-11-27
256,Thomas Charpentier Le Gilbert,02 40 04 08 82,thereseleger@example.org,2024-01-28,active,2,Fontaine,2001-09-19
257,Agnès-Danielle Mahe,04 83 54 75 86,martelbertrand@example.org,2024-10-03,active,2,Sainte Thibault-la-Forêt,1955-12-07
258,Roger Deschamps,0147869768,jacquesdurand@example.org,2024-06-24,active,3,Sainte Isabelledan,1979-07-09
259,François-Guillaume Albert,+33 4 97 10 56 90,gabriellabbe@example.net,2024-07-22,active,1,Sainte Christelle,1999-03-19
260,Théophile Delaunay,+33 4 65 40 35 02,humberttristan@example.net,2024-04-26,active,2,Denis,1995-03-18
261,William Letellier,0236099413,anais65@example.org,2024-12-17,suspended,2,Marin-les-Bains,1983-06-17
262,Philippe Lopez,+33 5 47 49 84 43,benoittheodore@example.com,2024-01-23,active,3,Voisin,1972-02-08
263,Zoé Rossi,02 21 53 54 17,dbenoit@example.net,2024-04-01,active,3,Hernandez,2002-06-22
264,Matthieu Klein,01 47 90 67 63,vincentthierry@example.net,2024-11-22,inactive,1,Gay,1974-09-30
265,Vincent Marchal,+33 (0)2 45 26 52 02,gabrielpereira@example.net,2024-09-09,active,1,Paris,1956-07-31
266,Gérard Duhamel,+33 (0)2 32 57 45 74,planglois@example.net,2025-03-04,active,2,Sainte Pierre,1995-02-18
267,Alice Dubois,+33 (0)6 37 58 40 70,franckfernandes@example.net,2025-01-21,active,2,Sainte Dorothéenec,1979-09-06
268,Thibaut-Marc Aubry,03 21 96 55 00,ltraore@example.com,2024-09-10,active,3,Jourdan,1998-12-03
269,Olivier Alves,05 46 98 20 75,margaud29@example.net,2024-08-09,active,2,Rouxboeuf,1970-05-30
270,Denise de Devaux,0545085678,xbreton@example.net,2024-02-01,active,1,Saint Olivieboeuf,1992-06-19
271,Guillaume Maurice,06 99 51 26 91,noemifaure@example.net,2024-01-01,active,3,Colin,1953-04-30
272,Suzanne-Adélaïde Marion,+33 1 56 67 97 32,jberger@example.net,2025-03-24,active,1,Delormedan,1969-11-18
273,Hélène de Courtois,04 80 80 80 69,joseph04@example.com,2024-07-15,active,2,Rivière,1961-11-20
274,Marie Fischer,0219618736,augustin60@example.net,2024-04-01,suspended,2,Peron-les-Bains,1975-07-29
275,Noël Bernier,01 83 49 00 90,diallomarcel@example.org,2024-05-05,active,1,Ramosdan,1951-05-09
276,François Arnaud,+33 7 90 82 56 78,xlaporte@example.net,2024-12-27,active,2,ÉtienneVille,1981-10-31
277,Xavier Bernard,0475449904,malletlaetitia@example.com,2024-07-08,active,3,Joseph-sur-Pierre,1965-02-13
278,Auguste-Guillaume Toussaint,+33 (0)3 62 53 80 08,thibaultmartine@example.net,2024-05-12,inactive,2,Caron-les-Bains,1980-07-04
279,Théodore Lecomte,0143636870,amelielombard@example.org,2024-03-02,active,3,Lefebvre-la-Forêt,1953-07-04
280,Théophile Breton,01 81 98 99 21,georgesjean@example.net,2024-12-15,active,2,Seguin,1981-04-20
281,Gilbert Chauvet,02 38 45 28 91,kdijoux@example.net,2024-12-26,active,2,Sainte Raymond,1979-06-09
282,Pénélope-Danielle Lenoir,04 44 11 55 88,lelievreastrid@example.net,2024-06-05,active,2,GuyonBourg,1995-06-01
283,Rémy-Emmanuel Hardy,0367691501,ilamy@example.com,2024-11-11,active,3,Roger-la-Forêt,1968-01-17
284,Sylvie Guichard de la Perrin,03 24 62 56 23,zpinto@example.com,2024-10-18,active,3,Gonzalez-sur-Delmas,1956-12-04
285,Louise Mathieu,04 90 37 55 80,aurelie08@example.net,2024-06-21,active,3,Martinnec,1970-08-19
286,Michelle de Guillet,04 73 10 68 78,cguibert@example.org,2024-07-21,active,2,Lesage-la-Forêt,1964-04-05
287,Émile Lejeune Le Besson,+33 6 31 97 30 64,jeanmoreno@example.com,2024-04-09,active,3,Hernandez,2002-04-14
288,Marine Guyon,0477544995,lambertadrienne@example.org,2024-08-14,active,3,Sainte Guyboeuf,2005-04-29
289,Paulette Gaillard,+33 (0)1 53 98 51 01,friviere@example.com,2024-11-23,active,2,Guillou,1964-04-07
290,Sabine de la Hoareau,+33 1 79 23 09 08,eroyer@example.org,2025-01-22,active,3,HoarauVille,1977-09-05
291,Zoé Weiss,05 90 78 66 61,timothee87@example.net,2025-02-08,active,3,Bousquet,1982-12-01
292,Édouard Lemoine,+33 6 32 67 77 32,richard92@example.org,2024-04-25,active,1,Saint Claudine,1954-05-20
293,Auguste Moreau,0586805937,huetmargot@example.org,2024-10-21,inactive,2,Fournier,1992-09-13
294,Colette Dupré,+33 2 36 29 55 24,alex53@example.org,2024-01-12,active,2,Costa,1961-05-26
295,Hugues Bigot,+33 5 17 40 75 15,denisoceane@example.com,2024-05-24,active,1,Meunierboeuf,1972-10-04
296,René Maillard,0386891232,charleslecoq@example.com,2024-03-02,inactive,1,Wagner-sur-Mer,1985-06-27
297,Léon Laporte,+33 5 94 46 40 92,christianede-oliveira@example.org,2024-08-10,active,3,Cousin,1980-09-18
298,Vincent Martineau,02 85 58 99 53,massonnicole@example.net,2024-11-06,active,3,Sainte Thibaultnec,1981-12-15
299,Sophie Godard-Alexandre,0809884757,odelahaye@example.org,2025-02-03,active,2,Delannoy,1993-09-25
300,Capucine du Maillot,+33 1 64 13 67 21,marineblanchet@example.org,2024-12-08,active,3,Sainte Diane,1954-01-01
301,Denis Langlois,+33 6 95 05 18 46,penelopelegendre@example.com,2024-06-09,active,3,Webernec,1958-04-14
302,Élodie du Leduc,0524844689,oceane83@example.org,2024-11-07,active,3,Martinez-sur-Vaillant,1969-04-25
303,Laure-Aurore Gomes,0373343296,fperret@example.org,2024-12-18,active,2,Reynauddan,2005-12-06
304,Antoine Bodin Le Thierry,0231846090,kmoulin@example.org,2024-11-28,active,3,Gay,1965-06-22
305,Louis Marques,0214523354,richard55@example.org,2025-03-29,active,2,Garcia,1992-10-05
306,Roger-Gérard Lecoq,+33 (0)7 95 08 43 84,pineauarnaude@example.com,2024-05-11,active,2,BègueVille,1976-04-16
307,Cécile Perrot de Brunel,+33 4 63 49 26 41,luc30@example.org,2024-08-14,active,2,Carre,1977-07-25
308,Adèle-Nath Michel,02 69 02 28 77,gblanchet@example.com,2024-08-30,active,2,Chauvet,1999-04-03
309,Marcelle Lemaître,04 75 72 14 73,brunaudrey@example.net,2024-09-21,active,2,Da Silva-la-Forêt,1993-03-14
310,Julien Fouquet,02 21 35 95 86,dufourlouise@example.com,2024-09-17,active,2,NguyenBourg,1954-10-28
311,Timothée Laporte,02 85 00 10 94,zgerard@example.net,2024-06-13,active,1,Samson-sur-Mer,1977-02-22
312,Emmanuel Hoarau,+33 4 50 94 62 49,fcouturier@example.org,2024-01-23,active,1,Marion,1994-05-01
313,William Pottier,+33 (0)1 72 56 94 48,grondinolivie@example.com,2025-01-06,active,3,Bègue,1953-03-15
314,Alfred Parent,0563684935,sebastien00@example.net,2024-06-07,active,2,Humbert,1992-07-03
315,Philippe Dupré,+33 2 97 25 61 78,andrelemaire@example.com,2024-01-28,active,3,Sainte Roland-la-Forêt,1971-03-29
316,Capucine Grenier,+33 1 79 07 84 76,emmanuellebonnet@example.org,2024-04-08,suspended,2,Gosselin,2003-06-07
317,Gabriel Durand-Ferreira,03 73 88 56 13,lebretonguy@example.com,2024-06-29,active,1,Saint Charles,1991-09-04
318,Benjamin Perrier,+33 7 54 12 24 46,marine41@example.org,2024-09-12,active,2,Albert-sur-Mer,1963-07-07
319,Éric du Regnier,+33 (0)3 59 47 84 56,thomasroche@example.org,2024-11-12,active,1,Perezboeuf,1967-04-20
320,Nicolas Guillou,0230065198,allainmartin@example.org,2024-09-29,active,2,Letellier,1974-05-29
321,Audrey-Émilie Pereira,06 83 63 17 01,agathepaul@example.net,2024-12-10,suspended,2,BergerVille,1994-05-02
322,Léon Munoz Le Rocher,+33 1 69 46 77 84,victoire36@example.net,2024-01-06,active,1,Marques,1970-11-19
323,Caroline Gaudin,06 72 46 54 53,francoisrobert@example.com,2024-09-26,inactive,2,Aubert-sur-Vasseur,1960-10-06
324,Paulette-Suzanne Lopez,+33 (0)2 79 78 26 09,krenaud@example.org,2024-09-17,inactive,2,WeberVille,1974-07-11
325,Lucy de la Perrot,+33 2 61 38 53 74,jguibert@example.net,2025-03-06,active,2,Martinez,1995-08-08
326,Julie Mathieu,01 34 66 69 64,duhamelalphonse@example.com,2024-10-10,active,1,Didier,1971-08-02
327,David Bonnin-Besson,03 26 53 98 73,cdaniel@example.com,2024-03-28,inactive,2,Bonnin-sur-Lemoine,1995-07-31
328,Raymond Moulin,+33 (0)2 29 60 64 13,guyfernandes@example.org,2024-05-28,active,2,Saint Hortense,1965-09-21
329,Marie Gonzalez,+33 5 47 02 98 01,costapatrick@example.com,2024-10-23,active,2,Piresdan,1983-05-12
330,Laure de Chauvin,0389514868,da-silvahugues@example.org,2025-03-03,active,1,Bourdon,1982-09-20
331,Caroline Barbier,+33 2 53 53 50 85,suzanne76@example.net,2024-07-07,active,2,Coste,1963-07-02
332,Danielle de la Evrard,01 41 85 16 18,therese82@example.net,2024-05-06,suspended,1,Sainte Daniel-les-Bains,1972-02-21
333,Roland Guillon,02 28 45 76 78,delahayeeleonore@example.com,2024-07-26,active,2,Alves-les-Bains,1986-06-01
334,Jacqueline Bailly,+33 (0)2 38 01 08 22,elemaire@example.net,2024-01-05,active,2,Sainte Agathe,2000-11-14
335,Robert Joly-Maurice,02 78 20 42 54,juliette06@example.org,2024-10-30,active,2,Barbe-les-Bains,2006-03-09
336,Michelle Pascal,02 33 10 45 95,merciercharles@example.org,2024-12-21,active,3,Brunel,1959-06-28
337,Nathalie Da Costa,0173725417,rousseaumarthe@example.org,2024-04-30,suspended,2,Gomez,2000-08-01
338,Honoré Rodriguez-Gérard,+33 (0)3 82 43 50 22,rhardy@example.com,2024-07-16,active,2,Rossi,1953-09-16
339,Anaïs Legrand,0232002253,julie08@example.com,2024-08-29,active,3,Sainte Henridan,1955-11-19
340,Aurélie Pottier,+33 4 84 83 84 31,proger@example.com,2024-07-16,active,2,Cousin,1973-05-23
341,Joséphine Auger-Diaz,+33 5 47 11 64 74,paul94@example.net,2024-04-23,active,1,Poirier,1956-04-29
342,Auguste Leclerc,+33 (0)7 62 61 33 01,shernandez@example.com,2024-02-19,active,1,Diaz,1967-06-28
343,Stéphanie Lecoq,03 45 00 93 47,nweber@example.org,2024-03-05,active,2,Techer-sur-Carlier,1986-04-17
344,Rémy Simon,+33 (0)2 32 04 08 89,blotstephanie@example.org,2024-05-20,active,2,Raymondboeuf,1968-11-19
345,Noémi Boulanger,0285268560,sophiebourgeois@example.com,2024-01-14,active,3,RiouBourg,1991-04-05
346,Claude-Aimée Barbier,+33 6 22 73 05 24,alex60@example.net,2024-09-11,active,2,Saint DenisVille,1993-04-24
347,Pierre-Thierry Loiseau,+33 5 47 83 46 71,philippinenoel@example.org,2025-03-25,active,3,Albert-sur-Bonnin,1967-08-27
348,Joseph Maillet-Auger,+33 (0)4 32 76 73 43,wolivier@example.net,2024-03-17,active,2,Deschamps,1977-05-09
349,Arthur du Hardy,02 76 53 76 67,vincentbourgeois@example.org,2024-09-19,active,3,Roche,1953-10-13
350,Astrid Carre,03 66 69 96 30,richard80@example.net,2024-04-02,active,2,Sainte André,1992-07-04
351,Hélène Le Baron,0276674461,odetteleclerc@example.org,2025-02-01,active,3,Sainte MaryseBourg,2000-05-01
352,Thibault Vincent,0141291276,jeancohen@example.com,2024-02-28,active,1,Diaz,1967-01-10
353,Aurélie Moulin,03 56 24 99 72,chauvinmichele@example.com,2024-01-23,active,2,Rousset,1956-02-11
354,François de Pascal,+33 (0)3 67 07 48 29,ccolin@example.net,2024-06-23,active,2,Nicolasboeuf,1960-04-14
355,Xavier Fernandez,+33 (0)3 59 53 90 86,jean69@example.org,2024-03-12,active,1,Letellier,1967-08-21
356,Vincent Delorme,+33 5 96 54 07 30,hfouquet@example.org,2024-03-02,active,2,BernardBourg,1986-02-09
357,Gabriel Evrard,0177669134,guy04@example.com,2024-06-10,inactive,2,LucasVille,2007-09-26
358,Sébastien Leblanc,0474903446,jeanagnes@example.net,2025-01-27,active,1,Saint Susannenec,1951-12-10
359,Capucine du Delorme,+33 (0)1 73 24 77 46,maryselenoir@example.com,2024-04-23,active,2,Gosselin,1951-05-13
360,Marthe Rolland,02 51 23 79 37,lucasdias@example.com,2024-05-02,active,2,Cohen-sur-Mer,1967-06-28
361,Élisabeth Caron-Denis,0442323914,antoinette70@example.net,2024-10-19,active,3,Pineau-les-Bains,1961-06-26
362,Josette-Charlotte Clément,+33 5 65 32 56 06,gpoulain@example.net,2024-09-21,active,2,Delorme,1987-04-04
363,Véronique Peltier,0388475644,zmillet@example.com,2024-09-25,suspended,3,Delattre-sur-Laurent,1983-05-27
364,Anaïs Tanguy,+33 (0)2 34 86 77 47,jeanjacques@example.net,2024-02-28,active,2,Blancboeuf,1972-11-24
365,Denise-Aimée Leconte,+33 3 61 21 61 98,francoisecharrier@example.net,2024-12-24,active,3,Maillard,1977-02-23
366,Nicolas-Sébastien Lemonnier,0232072059,jgomez@example.net,2025-01-21,active,2,Morvan,1971-09-30
367,Roger Lacroix,0345190857,laurenceriviere@example.net,2024-07-30,inactive,1,Saint Benoît-les-Bains,2001-08-01
368,Colette Valentin,0381257257,nicolepoulain@example.org,2024-06-09,active,2,Jacob-sur-Couturier,1990-07-23
369,Colette Joubert,+33 (0)3 52 35 66 80,susandelannoy@example.com,2024-02-14,active,1,Saint Agnès,1964-11-14
370,Denis Lelièvre,+33 (0)4 57 51 82 65,hernandezadrienne@example.com,2024-03-16,active,2,Coulon,1981-05-31
371,Patricia du Couturier,0477329333,frederic52@example.net,2024-02-17,active,3,Bruneau,1988-10-30
372,Philippine Sanchez,0179418565,alexguichard@example.net,2025-03-27,active,2,PelletierBourg,1997-03-21
373,Madeleine Boutin Le Gauthier,0376345438,peltiermargaud@example.net,2024-10-27,active,3,Thomas,2003-11-24
374,Noël de Leclerc,04 93 43 72 11,laetitia21@example.net,2024-11-12,active,2,Lelièvre,1974-03-22
375,Vincent Mendès-Hernandez,0180434761,anouk46@example.org,2024-08-14,active,2,Sainte Georges-la-Forêt,1968-08-24
376,Léon Étienne,0181872444,renee89@example.org,2024-01-03,active,3,Josephnec,2001-04-30
377,Antoine Jean,+33 (0)2 49 49 42 79,naththomas@example.net,2024-05-17,active,2,Sainte Virginiedan,1989-02-15
378,Laurent De Oliveira,01 73 40 30 12,otraore@example.org,2024-01-06,suspended,2,Saint AlexandrieVille,1952-10-26
379,Paulette Carre-Benoit,+33 6 99 20 57 70,reneegaillard@example.org,2024-08-12,active,2,Saint Marine,2004-01-14
380,Céline Vallet,04 97 48 55 35,valerieriviere@example.net,2024-08-23,active,2,Saint Adèle-sur-Mer,1977-03-06
381,Guillaume Voisin,+33 (0)2 52 23 41 32,anastasie08@example.net,2024-10-27,active,2,Texier,1991-04-21
382,Alfred Martins,0518737793,elisemendes@example.org,2024-05-06,active,2,Diallo,2005-05-03
383,Zacharie Baudry,+33 3 51 67 51 99,benjamin46@example.com,2025-02-21,active,3,Sainte Vincent,2000-05-21
384,Zacharie Le Gaudin,+33 (0)1 47 28 67 42,margotguillon@example.org,2024-10-03,active,2,Renault-sur-Roy,1989-06-12
385,Léon Lamy,01 40 96 81 77,margot45@example.org,2024-12-08,active,3,Duboisnec,1984-05-09
386,Mathilde Morin-Bousquet,+33 2 48 19 69 89,anastasie01@example.net,2024-10-25,active,2,Saint Alphonse,1973-12-11
387,Théodore Clément,07 73 01 26 03,hubertvalentine@example.net,2025-02-07,active,2,Marchal,2003-03-14
388,Thérèse Mallet,04 20 80 37 63,josette89@example.com,2024-04-23,active,1,Roussel-la-Forêt,1995-05-06
389,Margot Delahaye du Brun,+33 1 80 13 65 84,andre79@example.com,2024-02-23,suspended,3,Lacombe,1979-07-12
390,Hugues Pierre,+33 4 69 26 17 51,andrepages@example.org,2024-07-18,active,1,Simon-sur-Mer,1975-09-19
391,Julien Regnier,05 36 35 69 65,benjamin60@example.org,2024-09-30,active,2,Voisin,1981-10-11
392,Alice Menard,01 77 75 68 07,hboucher@example.net,2024-07-16,active,2,Sanchez,1951-01-31
393,Édouard-Emmanuel Riou,0134004591,simonthibault@example.net,2024-06-26,active,3,Marin,1959-08-23
394,Isaac-Alain Vaillant,05 90 06 90 89,lambertvictoire@example.org,2024-11-16,suspended,2,Dijoux,2004-12-18
395,Emmanuel Leconte,01 45 24 40 03,pjourdan@example.net,2024-07-20,active,2,Bonnet-sur-Le Goff,1971-11-28
396,Dorothée Diaz,+33 5 90 17 24 42,eleonore85@example.com,2024-07-23,inactive,2,Morel,1970-09-05
397,Marc du Merle,0326101450,noemiandre@example.com,2024-01-20,inactive,3,Laine-sur-Leduc,1986-12-08
398,Emmanuelle Valentin,0415645652,cecile88@example.org,2024-05-01,active,3,Jacob-sur-Le Goff,2002-08-05
399,Auguste Le Launay,+33 2 85 09 23 61,dmarie@example.org,2024-04-08,active,3,Saint Inèsnec,1990-03-11
400,Charles Leroy,+33 5 24 52 66 63,da-silvaanastasie@example.net,2024-08-09,active,3,Sainte Margaux-les-Bains,1952-05-25
401,Richard du Samson,+33 (0)4 92 69 42 35,laurent47@example.net,2024-10-26,active,2,Alves,2005-11-09
402,Frédéric Maillet Le Renaud,+33 3 64 60 41 76,nathalie35@example.org,2024-05-04,active,3,Loiseau,2003-11-14
403,Clémence Lacroix,+33 (0)4 38 03 46 45,laetitialemoine@example.org,2024-11-27,active,1,Carlier,1964-09-18
404,Benjamin Rey,+33 (0)4 70 65 29 17,henriette06@example.org,2025-03-04,active,2,Pascal,1955-11-09
405,Benjamin de Delannoy,04 56 70 29 50,camillerobert@example.com,2025-03-12,active,2,Leroy,1960-07-30
406,Henri-Gérard Lemaire,+33 (0)3 72 45 01 52,ogregoire@example.net,2024-09-11,active,2,Sainte ThibautVille,2002-10-10
407,Cécile-Christiane Chauvet,0381865605,alexmonnier@example.net,2024-01-09,active,2,Navarro-sur-Jacques,1959-05-06
408,Roland Gaillard,+33 5 34 89 93 29,tvallet@example.net,2025-02-10,active,2,Letellier,1995-04-30
409,Pierre Carpentier-Auger,0367562760,hoareaususan@example.com,2024-02-15,active,1,Henrydan,1988-01-18
410,André Rémy-Moreau,+33 2 50 38 32 25,emile19@example.org,2024-12-30,active,3,Marin-sur-Pereira,1954-09-27
411,Vincent Guillaume-Guillou,+33 3 20 14 69 16,vhamel@example.org,2024-01-08,active,2,Martin,1955-01-14
412,Andrée Gilles Le Roy,+33 (0)3 55 34 61 33,clementanastasie@example.org,2024-04-21,active,3,Pinto,1982-10-27
413,Emmanuelle Bouvet,04 83 24 76 39,begueedouard@example.org,2024-09-21,suspended,2,Lebretondan,1983-12-11
414,Patrick Baron,0468321706,zbriand@example.com,2025-02-17,active,2,Simon-sur-Mer,1975-10-03
415,Anastasie Hamon,+33 (0)3 28 75 68 53,odettemathieu@example.net,2024-08-13,active,3,Fernandez,1955-05-02
416,Julie de Masson,+33 6 38 13 61 16,rrobert@example.org,2024-08-09,inactive,2,Neveunec,2006-07-15
417,Zoé Raymond-Deschamps,+33 (0)4 63 73 52 79,xpires@example.org,2025-03-17,active,2,Sainte Andrée,1964-07-14
418,Christophe Étienne,+33 2 43 07 20 61,brigittelombard@example.com,2024-11-26,active,2,Martel,1969-12-05
419,Sébastien Le Lecomte,0688520650,oliviergillet@example.net,2024-05-11,active,1,Lucas,1990-02-15
420,Astrid Lagarde,01 72 33 68 32,martymarc@example.com,2024-10-25,active,3,Lacombe-la-Forêt,1969-05-06
421,Adrien Faivre,+33 1 34 78 24 72,guyotjeannine@example.net,2024-09-27,active,2,Leduc,1989-07-30
422,Stéphane Laine,+33 2 45 93 38 17,zmarty@example.org,2024-01-19,active,3,Meyer-sur-Joubert,1960-01-15
423,Marguerite-Julie Laporte,05 19 61 94 64,hortense08@example.org,2024-09-23,inactive,3,Lebreton-sur-Mer,1955-10-21
424,Capucine Jacob,+33 5 67 95 64 68,thierrydos-santos@example.org,2024-04-13,active,2,Sainte Jeannine,1986-05-16
425,Thibault Toussaint,0143022275,davidbonneau@example.net,2024-02-14,active,3,Ribeiro,1963-03-06
426,Benoît Lemonnier,+33 1 72 54 59 21,briou@example.org,2024-11-27,inactive,1,Lebreton-sur-Meunier,2000-03-13
427,Geneviève Collin,+33 2 49 45 20 76,christopherey@example.org,2025-02-18,active,2,Joseph,1950-05-25
428,Tristan Humbert,+33 (0)2 96 87 52 52,capucinele-goff@example.org,2024-09-10,inactive,3,Sainte Renéeboeuf,1990-02-18
429,Théophile de Dias,06 70 69 74 42,ddelaunay@example.net,2024-07-19,active,2,Delattre,2001-03-23
430,Timothée de Buisson,0698992023,gruiz@example.org,2024-09-11,active,2,Saint François,1988-03-16
431,Sabine Rousset,+33 2 40 30 14 33,bertrandlouis@example.net,2025-02-02,inactive,2,Michaud-sur-Boulanger,1965-10-02
432,Inès Marques-Neveu,+33 3 68 03 79 23,ebecker@example.org,2024-04-18,active,3,Saint Aimé,1958-02-13
433,Christine Lesage-Moreno,01 30 94 23 75,capucine15@example.net,2024-03-11,active,3,Sainte LaurenceBourg,1978-12-25
434,Geneviève Mace,0363263317,remyberger@example.net,2024-04-15,active,2,Duhamel,2002-05-30
435,Franck Denis,05 08 89 80 66,constancemarin@example.net,2024-12-31,active,2,Blanchet-les-Bains,1965-10-02
436,Aimée Rivière,0423346078,laurent62@example.com,2025-03-18,active,3,Courtois,1976-06-07
437,Suzanne de Dias,+33 2 38 02 91 53,lorraine03@example.com,2024-04-10,active,1,Saint Roger-sur-Mer,1969-07-07
438,Pauline Chevallier,0581076495,qcharpentier@example.org,2024-11-27,inactive,2,Besson-sur-Laine,1975-07-15
439,Margaux Dupont,0261546541,zoe30@example.org,2024-01-21,active,3,Grondin-sur-Mer,1981-05-14
440,Joseph Garnier,0339973233,arolland@example.com,2024-02-14,active,2,Vasseur-les-Bains,1951-04-15
441,Jacques Guillon,01 43 40 56 62,toussaintmarc@example.com,2024-02-12,active,2,Sainte Susannenec,1959-10-24
442,Margaud Devaux,0376594842,isaac17@example.net,2024-09-27,active,3,Colas-sur-Mer,1976-10-16
443,Joseph Pereira,04 49 07 70 36,diasnicolas@example.net,2024-10-19,inactive,2,Sainte Virginie,1991-09-07
444,Léon Couturier,0482370352,bpoirier@example.net,2025-02-11,active,2,Renard-sur-Mer,1991-12-31
445,Alexandre Leroux,+33 (0)5 64 10 63 02,emiledupuy@example.org,2024-10-19,active,2,Sainte Denise-les-Bains,1976-03-06
446,Denise Duhamel du Arnaud,0490606038,claude46@example.org,2024-06-26,active,2,Saint LouisBourg,1983-12-27
447,Robert Thomas,+33 (0)5 54 45 02 88,claudine81@example.org,2024-10-01,active,3,Garcia,1963-06-22
448,Guillaume Charrier,+33 (0)2 30 50 85 57,sylviegomez@example.org,2024-08-31,active,2,Dumasdan,1993-11-03
449,Guy Navarro,+33 1 46 61 77 30,de-oliveiramichelle@example.com,2024-05-22,active,2,Bourdon,1990-10-22
450,Nicole Pascal,0367153923,maryse10@example.org,2024-07-15,active,2,Chrétien,1982-06-04
451,Élise-Marthe Rocher,0468147046,dorotheeblanchard@example.net,2024-08-15,suspended,2,Becker,1959-05-15
452,Alex Ruiz,04 42 89 90 91,blinantoinette@example.net,2025-03-17,suspended,2,Maillot-sur-Tanguy,1980-03-26
453,Élodie Georges,+33 (0)4 94 84 24 16,ksimon@example.com,2024-10-26,active,2,Sainte Guy,1979-08-24
454,Roger de Bailly,+33 (0)2 49 83 28 35,laetitiarichard@example.net,2024-07-17,active,3,Lemoine,1983-04-21
455,Édith Leroy,+33 4 34 87 05 88,deschampsalfred@example.net,2024-12-25,active,2,Lemaître,2002-06-18
456,Agathe Techer Le Allard,04 98 03 42 21,hollivier@example.org,2024-02-11,active,3,Boulayboeuf,1961-11-23
457,Joseph Hervé,+33 (0)1 48 90 53 74,thierryleleu@example.org,2024-04-15,active,3,Letellier-sur-Coulon,1987-04-07
458,Adrienne Marques,+33 1 55 31 79 95,vaillantfrancoise@example.com,2024-12-14,active,2,Sainte Diane,2004-01-01
459,Nicolas-Hugues Wagner,+33 2 99 08 35 00,margot55@example.net,2024-10-08,active,2,Collin,1965-10-22
460,Simone Perez-Couturier,0229083342,patricksanchez@example.org,2024-10-29,active,3,Pasquierdan,1980-11-01
461,Matthieu Roux,0556084622,aime45@example.net,2024-06-13,active,3,Legendre,1951-11-27
462,René Launay,+33 (0)2 37 36 27 02,bguerin@example.org,2024-04-03,active,3,MullerBourg,1952-01-25
463,Virginie de la Blot,0458737581,mendesagnes@example.com,2024-09-10,active,2,Klein-sur-Mer,1951-09-26
464,Antoinette Berger,05 63 57 18 15,rbaudry@example.net,2025-03-16,active,2,Lecoq-la-Forêt,1990-01-25
465,Daniel Hubert,02 40 78 99 09,ugeorges@example.org,2025-02-16,active,1,Millet,1978-05-17
466,Adrien Reynaud,+33 (0)5 47 62 08 04,hle-gall@example.org,2024-02-09,active,3,Sainte Gabrielle-sur-Mer,1971-08-28
467,Françoise Charles,04 95 57 09 98,lejeuneaurore@example.net,2024-01-24,active,1,Lelièvre,2003-10-18
468,Joseph Humbert,03 69 66 69 79,isaac80@example.net,2024-04-14,active,3,Carlier,1952-02-24
469,Lucy Picard,+33 (0)6 98 53 94 30,gilbert65@example.com,2025-01-02,active,3,Vincent-sur-Mer,1983-10-23
470,Brigitte-Noémi Rivière,+33 (0)5 35 53 75 44,poirierphilippine@example.com,2025-02-03,active,2,Sainte Margaux-la-Forêt,1981-08-09
471,Julien Cohen-Aubry,02 19 07 79 08,victor25@example.com,2024-09-18,active,2,Guibert,2008-04-04
472,Théodore Bernier,+33 2 33 10 39 53,fouquetjoseph@example.net,2024-04-08,active,3,Laurentdan,2002-10-23
473,Édouard Meunier-Bertin,03 71 21 41 02,capucinelefebvre@example.com,2024-08-12,active,1,De Sousa,1998-01-08
474,Marc-Georges Cohen,+33 6 21 26 43 99,augustinhamel@example.org,2024-08-19,suspended,1,Garcia,1964-05-19
475,Martin Moreno,05 31 31 50 36,alexandrehortense@example.com,2024-01-07,suspended,3,Mace,1980-03-11
476,Honoré Bazin,0547013735,parisfrederique@example.org,2024-05-21,active,3,Sainte Alice-la-Forêt,1993-01-07
477,Marguerite Ollivier,+33 (0)6 95 99 60 58,sturpin@example.org,2024-11-11,suspended,3,Le Gall,1983-11-03
478,Georges Techer-Humbert,+33 5 55 02 67 02,vincent71@example.com,2024-09-17,active,3,Dumont-sur-Coste,1992-06-09
479,Louise Guyon,0233289108,bertrand65@example.com,2024-08-15,active,2,Étienne,1976-07-17
480,Marie Jean-Roger,03 64 93 77 21,marysebertrand@example.org,2024-07-06,active,2,Saint Émilie,1951-12-31
481,Adèle Pascal,+33 1 75 85 93 04,arthur39@example.org,2024-06-20,active,2,Saint Olivierdan,2006-12-21
482,Victoire Ferreira,04 80 63 21 62,msanchez@example.org,2024-09-29,active,3,Ruiz-sur-Mer,1992-12-31
483,Pauline Teixeira de la Gros,+33 (0)4 65 41 38 08,anastasie03@example.com,2024-01-15,active,2,Benoit-les-Bains,2003-10-01
484,Vincent Allard,0183501302,patricia56@example.net,2025-02-07,active,3,Menard-sur-Noël,1966-07-23
485,Alphonse Mahe,+33 4 85 86 66 47,rousseauvincent@example.org,2024-04-25,active,3,Sainte Nicole-la-Forêt,1954-06-04
486,Léon Pasquier-Peron,05 55 30 52 01,camusodette@example.org,2024-08-18,active,1,Saint Nicolas,1965-11-10
487,Arthur Collet-Laroche,03 27 58 14 96,rouxedith@example.com,2024-06-23,active,3,Saint Michelle,1973-01-13
488,Frédérique Bertrand Le Morvan,+33 (0)4 87 35 69 24,courtoissuzanne@example.net,2024-05-20,active,2,Joseph,1994-08-13
489,Louise Le Bouvier,+33 3 65 09 86 20,christine40@example.net,2024-10-05,active,3,Turpin-sur-Noël,1990-09-06
490,Guy Da Silva du Vaillant,+33 5 55 59 41 92,thamon@example.net,2024-08-01,active,2,Chauvin,1997-05-01
491,Suzanne de la Vallée,+33 4 44 98 51 20,rochervalentine@example.org,2024-02-15,active,3,TorresBourg,1953-02-05
492,Georges Fabre,+33 4 79 77 97 70,ncoste@example.net,2024-02-21,active,2,Saint Bernadette,1983-05-01
493,Élodie-Aurélie Brunet,0634985175,schneiderhugues@example.org,2024-12-15,active,3,Lucas-la-Forêt,1993-04-22
494,Margaret Le Tessier,0246429584,lmoreno@example.org,2025-02-20,inactive,2,Marie-sur-Mer,1968-04-03
495,Guillaume Lemaire,+33 (0)3 84 83 78 78,henri23@example.net,2024-05-23,active,1,Saint Guillaume,1956-03-20
496,Adrienne Leroy,+33 (0)4 20 02 03 35,dparis@example.net,2024-03-10,active,1,Texierboeuf,1985-04-26
497,Françoise Gosselin,+33 (0)2 57 21 09 75,arnaude08@example.com,2024-07-30,active,2,Sainte Jeanne,1998-07-10
498,Henri Sanchez,+33 (0)2 36 59 76 56,genevieve33@example.org,2024-03-23,suspended,1,Guyot-sur-Hernandez,1970-12-13
499,Alfred Navarro,0183872776,idescamps@example.org,2024-08-04,active,2,Masse-sur-Blot,1999-07-02
500,Daniel Letellier,+33 3 29 76 29 77,andreechartier@example.com,2024-08-12,suspended,3,Gimenez,1961-12-07
